City_ID,City,Lat,Lng,Max Temp,Humidity,Cloudiness,Wind Speed,Country,Date
0,ust-nera,64.5667,143.2,-29.74,97,100,1.98,RU,1706669883
1,colby,39.3958,-101.0524,8.33,67,0,2.57,US,1706669884
2,chonchi,-42.6128,-73.8092,16.56,96,99,1.06,CL,1706669884
3,edinburgh of the seven seas,-37.0676,-12.3116,13.86,57,81,0.8,SH,1706669885
4,amparo,-22.7011,-46.7644,22.92,53,100,1.6,BR,1706669885
5,ilulissat,69.2167,-51.1,-31.0,73,21,3.73,GL,1706669886
6,jayapura,-2.5333,140.7,32.66,76,97,3.8,ID,1706669886
7,tolanaro,-25.0319,46.9987,23.04,88,40,3.09,MG,1706669887
8,keflavik,64.0049,-22.5624,-1.76,69,40,10.29,IS,1706669887
9,polyarnyy,69.1989,33.4478,1.17,74,100,14.82,RU,1706669887
10,hithadhoo,-0.6,73.0833,27.48,73,11,1.8,MV,1706669719
11,adamstown,-25.066,-130.1015,25.32,76,100,11.81,PN,1706669699
12,colonia,50.9333,6.95,7.76,86,100,3.09,DE,1706669889
13,invercargill,-46.4,168.35,18.34,56,97,6.26,NZ,1706669889
14,talnakh,69.4865,88.3972,-18.22,79,100,4.58,RU,1706669889
15,enewetak,11.3474,162.3373,26.55,71,83,9.13,MH,1706669889
16,inhumas,-16.3578,-49.4961,25.85,82,98,1.06,BR,1706669890
17,brigantine,39.4101,-74.3646,4.45,86,75,5.36,US,1706669890
18,sinabang,2.4803,96.3801,28.47,75,90,1.66,ID,1706669890
19,melendugno,40.2747,18.3368,7.05,76,0,2.57,IT,1706669890
20,port-aux-francais,-49.35,70.2167,4.02,73,88,13.94,TF,1706669891
21,grytviken,-54.2811,-36.5092,3.06,78,21,5.12,GS,1706669891
22,mossel bay,-34.1831,22.146,18.96,88,55,0.33,ZA,1706669891
23,puerto ayora,-0.7393,-90.3518,25.33,89,96,3.93,EC,1706669891
24,vadso,70.0744,29.7487,3.09,70,100,13.38,NO,1706669892
25,lebu,-37.6167,-73.65,14.69,84,0,5.98,CL,1706669892
26,ushuaia,-54.8,-68.3,9.81,66,40,12.35,AR,1706669885
27,bethel,41.3712,-73.414,1.31,77,100,2.57,US,1706669892
28,punta arenas,-53.15,-70.9167,10.06,62,0,4.63,CL,1706669893
29,bilibino,68.0546,166.4372,-33.91,100,100,0.12,RU,1706669749
30,khandyga,62.6667,135.6,-37.46,96,96,0.12,RU,1706669893
31,tiksi,71.6872,128.8694,-26.85,97,57,1.85,RU,1706669893
32,guerrero negro,27.9769,-114.0611,18.25,64,0,3.71,MX,1706669893
33,avarua,-21.2078,-159.775,29.03,65,98,3.6,CK,1706669894
34,waitangi,-43.9535,-176.5597,17.68,98,100,1.79,NZ,1706669707
35,anadyr,64.75,177.4833,-32.72,74,0,4.0,RU,1706669894
36,wailua homesteads,22.0669,-159.378,23.44,79,75,2.57,US,1706669894
37,mount pearl,47.5166,-52.7813,-5.08,84,100,7.72,CA,1706669873
38,whitehorse,60.7161,-135.0538,-3.57,63,20,3.09,CA,1706669895
39,jamestown,42.097,-79.2353,1.12,91,100,3.09,US,1706669688
40,blackmans bay,-43.0167,147.3167,23.62,34,79,3.7,AU,1706669895
41,buckingham,51.9997,-0.9878,5.79,87,65,1.34,GB,1706669896
42,hamilton,39.1834,-84.5333,3.02,95,100,2.68,US,1706669825
43,stanley,54.868,-1.6985,4.6,84,0,4.12,GB,1706669896
44,argo,37.6333,22.7333,5.0,80,74,9.82,GR,1706669896
45,awjilah,29.1081,21.2869,7.54,81,6,5.15,LY,1706669897
46,isafjordur,66.0755,-23.124,-5.73,79,60,3.3,IS,1706669897
47,sittwe,20.15,92.9,20.42,47,1,2.12,MM,1706669897
48,tungi,23.89,90.4058,18.0,77,40,1.54,BD,1706669897
49,margaret river,-33.95,115.0667,28.05,49,0,4.02,AU,1706669898
50,olonkinbyen,70.9221,-8.7187,-3.97,76,100,6.22,SJ,1706669898
51,port mathurin,-19.6833,63.4167,27.31,82,100,8.94,MU,1706669843
52,ust'-ilimsk,58.0006,102.6619,-26.68,87,29,0.93,RU,1706669898
53,thompson,55.7435,-97.8558,1.09,93,100,1.03,CA,1706669899
54,flin flon,54.7682,-101.865,4.03,85,5,5.47,CA,1706669899
55,senanga,-16.1167,23.2667,19.61,87,65,1.84,ZM,1706669899
56,amga,60.8953,131.9608,-29.93,91,99,0.8,RU,1706669899
57,udachny,66.4167,112.4,-23.64,83,99,1.23,RU,1706669771
58,estevan,49.1334,-102.9842,7.19,87,0,4.63,CA,1706669829
59,chulakkurgan,43.765,69.1814,-5.11,73,100,9.38,KZ,1706669900
60,asa,58.0167,14.6,4.71,98,100,4.42,SE,1706669901
61,khash,28.2211,61.2158,6.56,55,9,1.48,IR,1706669901
62,flying fish cove,-10.4217,105.6791,26.82,94,75,2.06,CX,1706669809
63,okha,53.5739,142.9478,-17.82,89,99,7.15,RU,1706669901
64,qaqortoq,60.7167,-46.0333,-14.08,93,100,5.16,GL,1706669747
65,mugumu,-1.85,34.7,16.57,91,100,1.53,TZ,1706669902
66,la manga del mar menor,37.6413,-0.7165,16.0,86,100,3.6,ES,1706669902
67,nuuk,64.1835,-51.7216,-10.07,51,100,12.07,GL,1706669820
68,labuan,5.2767,115.2417,30.2,74,20,2.06,MY,1706669903
69,ust-tsilma,65.441,52.1498,-8.55,96,99,2.24,RU,1706669903
70,kozhevnikovo,56.2589,83.9714,-18.99,96,99,1.83,RU,1706669903
71,dwarka,22.2394,68.9678,22.42,76,100,2.99,IN,1706669903
72,west island,-12.1568,96.8225,29.99,66,64,2.57,CC,1706669903
73,atafu village,-8.5421,-172.5159,29.15,72,15,2.58,TK,1706669904
74,hawaiian paradise park,19.5933,-154.9731,28.35,78,0,2.57,US,1706669904
75,tura,25.5198,90.2201,20.69,36,0,0.33,IN,1706669904
76,port alfred,-33.5906,26.891,19.54,94,100,2.94,ZA,1706669905
77,cabedelo,-6.9811,-34.8339,26.37,74,4,4.61,BR,1706669905
78,mil'kovo,55.6078,37.7956,-0.73,99,99,1.52,RU,1706669905
79,dudinka,69.4058,86.1778,-17.99,84,100,9.39,RU,1706669905
80,owatonna,44.0839,-93.226,1.53,83,100,3.09,US,1706669906
81,mandalgovi,45.7625,106.2708,-20.66,73,0,0.03,MN,1706669906
82,sao felix do xingu,-6.6447,-51.995,22.67,91,98,0.39,BR,1706669906
83,beira,-19.8436,34.8389,27.05,83,20,3.6,MZ,1706669873
84,papatowai,-46.5619,169.4708,18.85,49,80,4.58,NZ,1706669907
85,squamish,49.7014,-123.1512,14.55,94,100,2.06,CA,1706669907
86,lodja,-3.4833,23.4333,21.41,97,100,1.03,CD,1706669907
87,hobyo,5.3505,48.5268,24.91,77,98,5.85,SO,1706669907
88,mejit,10.2753,170.8646,26.21,82,100,8.37,MH,1706669908
89,howrah,22.5892,88.3103,19.0,94,75,0.0,IN,1706669908
90,tabou,4.423,-7.3528,26.52,85,87,2.8,CI,1706669908
91,cruz del eje,-30.7264,-64.8039,25.38,44,46,4.49,AR,1706669909
92,hono,57.6897,11.6497,3.05,100,78,5.56,SE,1706669909
93,nizhnyaya poyma,56.1622,97.1933,-27.95,95,25,1.76,RU,1706669909
94,acajutla,13.5928,-89.8275,24.95,62,1,3.99,SV,1706669909
95,severo-yeniseyskiy,60.3725,93.0408,-29.12,94,20,1.79,RU,1706669910
96,hasaki,35.7333,140.8333,15.16,52,36,5.14,JP,1706669910
97,nagqu,31.5,92.0,-8.53,46,89,2.39,CN,1706669910
98,karratha,-20.7377,116.8463,31.41,52,53,3.57,AU,1706669910
99,dumka,24.2667,87.25,19.77,40,0,2.19,IN,1706669911
100,touros,-5.1989,-35.4608,27.16,72,13,5.32,BR,1706669877
101,ribeira grande,38.5167,-28.7,14.32,86,34,3.13,PT,1706669753
102,i-n-salah,27.1935,2.4607,14.26,36,0,10.05,DZ,1706669911
103,paradip garh,20.3167,86.6167,23.84,67,19,3.34,IN,1706669912
104,puerto baquerizo moreno,-0.9,-89.6,25.29,87,85,4.87,EC,1706669912
105,crane,31.3974,-102.3501,14.92,38,38,3.37,US,1706669912
106,puerto natales,-51.7236,-72.4875,7.23,91,42,2.14,CL,1706669912
107,constantia,44.1833,28.65,-4.62,78,29,3.12,RO,1706669913
108,sao tome,0.3365,6.7273,27.28,83,88,3.44,ST,1706669913
109,yenotayevka,47.2456,47.0281,-3.6,95,100,4.01,RU,1706669913
110,nyurba,63.2842,118.3319,-24.61,96,100,1.53,RU,1706669913
111,usinsk,65.9939,57.5281,-5.52,94,100,4.92,RU,1706669914
112,aykhal,66.0,111.5,-23.26,100,89,1.42,RU,1706669914
113,vilyuchinsk,52.9306,158.4028,-10.85,61,100,2.38,RU,1706669722
114,karasuk,53.7377,78.0403,-19.06,93,68,3.13,RU,1706669915
115,st. john's,47.5649,-52.7093,-4.62,84,100,7.72,CA,1706669644
116,koz'modem'yansk,56.3367,46.5711,-11.68,97,38,2.45,RU,1706669915
117,kimry,56.8667,37.35,-6.0,100,100,0.89,RU,1706669915
118,kimbe,-5.5502,150.1429,29.96,70,55,3.1,PG,1706669916
119,kailua-kona,19.6406,-155.9956,26.98,84,40,4.12,US,1706669916
120,albany,42.6001,-73.9662,-0.2,84,100,2.26,US,1706669916
121,muisne,0.6,-80.0333,25.53,91,100,2.19,EC,1706669917
122,dese,11.1333,39.6333,12.33,90,86,1.31,ET,1706669917
123,veranopolis,-28.9361,-51.5494,17.31,96,15,0.69,BR,1706669917
124,san patricio,28.017,-97.5169,15.47,64,100,2.71,US,1706669917
125,pisco,-13.7,-76.2167,24.03,78,100,7.2,PE,1706669629
126,weno,7.4515,151.8468,29.97,66,100,5.14,FM,1706669918
127,bardai,11.65,7.2333,18.48,18,47,5.92,NG,1706669918
128,naze,28.3667,129.4833,19.51,81,98,7.44,JP,1706669918
129,yellowknife,62.456,-114.3525,-11.71,92,100,3.6,CA,1706669918
130,trairi,-3.2778,-39.2689,26.81,82,8,3.87,BR,1706669650
131,okhotsk,59.3833,143.3,-19.31,79,46,5.92,RU,1706669919
132,bamboo flat,11.7,92.7167,27.05,83,75,1.54,IN,1706669919
133,korsakov,46.6328,142.7813,-8.09,80,98,1.09,RU,1706669919
134,corinto,37.9407,22.9573,5.18,85,95,11.67,GR,1706669920
135,lihue,21.9789,-159.3672,23.77,80,75,2.57,US,1706669736
136,petropavlovsk-kamchatsky,53.0452,158.6483,-11.67,70,40,4.0,RU,1706669702
137,ancud,-41.8697,-73.8203,14.18,95,100,2.01,CL,1706669920
138,kulhudhuffushi,6.6221,73.07,27.68,74,84,3.45,MV,1706669775
139,kapa'a,22.0752,-159.319,24.18,75,75,2.57,US,1706669922
140,scarborough,54.2797,-0.4044,3.77,86,69,5.36,GB,1706669922
141,tofol,5.3248,163.0078,29.88,74,75,6.17,FM,1706669922
142,remire-montjoly,4.9167,-52.2667,26.02,94,100,1.03,GF,1706669923
143,chaoyang,41.5703,120.4586,-10.12,53,15,5.6,CN,1706669923
144,pandaan,-7.6527,112.6875,28.77,68,20,1.43,ID,1706669923
145,cottage grove,44.8277,-92.9438,2.16,86,100,2.57,US,1706669923
146,sitka,57.0531,-135.33,2.94,56,100,2.57,US,1706669924
147,paciran,-6.8767,112.3761,29.15,70,49,2.45,ID,1706669924
148,arroio grande,-32.2375,-53.0869,17.17,94,0,2.27,BR,1706669924
149,romanovka,51.7443,42.7527,-5.2,98,99,1.78,RU,1706669924
150,tengrela,10.4869,-6.4097,21.33,20,30,2.29,CI,1706669925
151,port elizabeth,-33.918,25.5701,21.29,88,0,1.54,ZA,1706669925
152,salaqi,40.5414,110.5108,-7.68,65,78,1.41,CN,1706669925
153,puerto deseado,-47.7503,-65.8938,22.99,33,98,11.08,AR,1706669837
154,iqaluit,63.7506,-68.5145,-23.15,64,100,4.63,CA,1706669926
155,georgiyevka,43.0369,74.7114,-1.98,100,75,2.0,KZ,1706669926
156,anna regina,7.2644,-58.5077,25.82,87,15,3.09,GY,1706669926
157,poronaysk,49.2167,143.1167,-14.08,84,62,0.78,RU,1706669926
158,lingig,8.0389,126.4125,25.93,91,100,5.17,PH,1706669927
159,ruteng,-8.6136,120.4721,25.08,55,75,0.86,ID,1706669927
160,miles city,46.4083,-105.8406,8.54,66,0,4.63,US,1706669927
161,fort bragg,35.139,-79.006,8.91,74,100,2.06,US,1706669927
162,pariaman,-0.619,100.12,32.03,63,100,0.3,ID,1706669928
163,phang nga,8.4509,98.5298,29.02,54,78,2.45,TH,1706669928
164,aden,12.7794,45.0367,24.99,81,100,3.8,YE,1706669928
165,adapazari,40.7806,30.4033,2.64,89,55,0.64,TR,1706669929
166,nhamunda,-2.1861,-56.7131,23.78,98,100,1.2,BR,1706669929
167,korla,41.7597,86.1469,-4.61,68,83,1.46,CN,1706669929
168,sikonge,-5.6333,32.7667,17.6,95,100,1.48,TZ,1706669929
169,college,64.8569,-147.8028,-25.82,58,75,2.06,US,1706669930
170,sao miguel do araguaia,-13.275,-50.1628,22.64,94,79,1.88,BR,1706669830
171,hammerfest,70.6634,23.6821,3.25,60,20,24.18,NO,1706669930
172,boa vista,2.8197,-60.6733,26.99,74,0,1.54,BR,1706669913
173,sidareja,-7.4846,108.7923,27.42,83,91,1.83,ID,1706669931
174,bodo,67.28,14.405,2.19,95,100,7.2,NO,1706669931
175,nemuro,43.3236,145.575,-1.52,69,100,3.75,JP,1706669931
176,polyarnyye zori,67.3661,32.4981,-2.79,78,91,5.77,RU,1706669931
177,longyearbyen,78.2186,15.6401,-5.09,63,75,5.66,SJ,1706669932
178,soller,39.7662,2.7152,11.59,87,99,0.35,ES,1706669932
179,at taj,24.2049,23.2857,7.57,54,1,3.38,LY,1706669932
180,port-vila,-17.7338,168.3219,28.78,74,75,4.12,VU,1706669932
181,narvik,68.4384,17.4272,2.99,99,100,3.78,NO,1706669933
182,verkhnevilyuysk,63.4453,120.3167,-23.84,96,100,1.83,RU,1706669933
183,kittila,67.6647,24.8936,0.08,64,0,6.69,FI,1706669933
184,krizevci,46.0219,16.5425,-5.23,84,46,0.65,HR,1706669933
185,imbituba,-28.24,-48.6703,24.92,85,84,2.1,BR,1706669934
186,la sarre,48.8002,-79.1996,-0.9,93,100,4.39,CA,1706669387
187,novoukrayinka,48.3264,31.5285,-0.34,69,28,2.57,UA,1706669934
188,peniche,39.3558,-9.3811,14.96,85,100,4.44,PT,1706669934
189,bani walid,31.7566,13.9942,10.94,70,99,2.72,LY,1706669935
190,vila franca do campo,37.7167,-25.4333,15.23,88,56,2.17,PT,1706669792
191,la passe,45.5549,-0.8967,7.21,91,88,2.61,FR,1706669754
192,guilin,25.2819,110.2864,10.06,98,100,0.46,CN,1706669935
193,bengkulu,-3.8004,102.2655,28.39,71,100,0.64,ID,1706669936
194,nishinoomote,30.7333,131.0,19.31,100,75,4.63,JP,1706669936
195,dhuusamarreeb,5.535,46.3861,21.17,86,100,5.55,SO,1706669936
196,bowen,-20.0167,148.2333,30.34,73,96,5.22,AU,1706669937
197,northam,51.0333,-4.2167,1.33,82,35,3.98,GB,1706669937
198,east london,-33.0153,27.9116,22.1,89,93,5.41,ZA,1706669937
199,wacheng,33.7833,114.5167,5.07,77,100,3.7,CN,1706669937
200,manismata,-2.4667,111.0333,25.7,93,100,1.08,ID,1706669938
201,sancraieni,46.3144,25.8394,-7.92,97,68,0.88,RO,1706669938
202,laojunmiao,39.8333,97.7333,-4.73,32,100,4.7,CN,1706669938
203,aasiaat,68.7098,-52.8699,-29.76,94,56,5.69,GL,1706669938
204,san rafael,-34.6177,-68.3301,24.91,52,37,2.27,AR,1706669770
205,chapaev,50.2,51.1667,-5.23,92,38,5.85,KZ,1706669939
206,yuzhno-kurilsk,44.0306,145.8556,-2.01,71,100,1.96,RU,1706669939
207,shimoda,34.6667,138.95,13.2,77,47,6.55,JP,1706669939
208,tamanrasset,22.785,5.5228,10.95,40,0,8.23,DZ,1706669940
209,kandahar,31.0,65.75,6.93,47,35,3.24,AF,1706669940
210,haiku-pauwela,20.9219,-156.3051,22.5,96,100,4.63,US,1706669940
211,callao,-12.0667,-77.15,26.51,73,75,4.12,PE,1706669940
212,vorgashor,67.5833,63.95,-13.12,95,100,4.69,RU,1706669941
213,mukalla,14.5425,49.1242,21.87,81,83,1.49,YE,1706669941
214,selfoss,63.9331,-20.9971,-3.42,74,99,4.22,IS,1706669941
215,uzgen,40.7699,73.3007,-0.84,97,100,0.22,KG,1706669941
216,queenstown,-31.8976,26.8753,19.57,88,100,0.89,ZA,1706669942
217,mount gambier,-37.8333,140.7667,22.15,46,2,4.63,AU,1706669942
218,nar'yan-mar,67.6713,53.087,-6.05,92,72,4.92,RU,1706669942
219,utrik,11.2278,169.8474,26.12,77,100,7.29,MH,1706669943
220,mata-utu,-13.2816,-176.1745,29.7,78,100,6.74,WF,1706669943
221,saipan,15.1355,145.701,28.39,57,100,8.75,MP,1706669943
222,tidjikja,18.5564,-11.4271,17.2,15,0,5.77,MR,1706669944
223,sake,-1.5736,29.045,16.98,93,100,0.14,CD,1706669935
224,kalispell,48.1958,-114.3129,3.61,95,0,0.0,US,1706669711
225,codrington,-38.2667,141.9667,20.06,58,22,6.47,AU,1706669944
226,vernon,50.2581,-119.2691,7.94,93,100,1.03,CA,1706669693
227,carnarvon,-24.8667,113.6333,35.71,39,0,4.55,AU,1706669945
228,cidreira,-30.1811,-50.2056,20.29,89,7,2.65,BR,1706669945
229,el granada,37.5027,-122.4694,16.94,73,100,7.72,US,1706669945
230,pama,11.2497,0.7075,23.89,19,50,2.67,BF,1706669945
231,ibicui,-14.8417,-39.9867,20.18,95,4,1.64,BR,1706669946
232,villa regina,-39.1,-67.0667,27.77,15,0,1.34,AR,1706669946
233,terenozek,45.05,64.9833,-6.66,86,100,4.59,KZ,1706669798
234,rio grande,-32.035,-52.0986,20.81,88,15,2.79,BR,1706669946
235,beloha,-25.1667,45.05,22.54,83,99,6.36,MG,1706669947
236,princeville,45.7668,-61.2985,-4.82,83,0,1.03,CA,1706669947
237,port lincoln,-34.7333,135.8667,20.04,57,0,5.38,AU,1706669947
238,badger,64.8,-147.5333,-25.86,64,75,2.06,US,1706669948
239,kidal,18.4411,1.4078,16.58,24,0,5.24,ML,1706669948
240,belmonte,-15.8631,-38.8828,25.42,87,45,4.37,BR,1706669948
241,golfito,8.639,-83.166,24.4,93,66,1.25,CR,1706669949
242,barakani,-12.1356,44.4317,26.77,76,91,1.08,KM,1706669949
243,tralee,52.2704,-9.7026,6.25,88,100,4.52,IE,1706669949
244,abong mbang,3.9833,13.1833,18.24,43,67,0.34,CM,1706669949
245,rongelap,11.1635,166.8941,25.84,76,100,8.53,MH,1706669950
246,dakhla,23.6848,-15.958,19.36,43,0,4.38,EH,1706669950
247,elko,41.0002,-115.5012,6.01,82,54,3.13,US,1706669950
248,kismayo,-0.3582,42.5454,26.16,85,94,5.37,SO,1706669951
249,zhengzhou,34.7578,113.6486,0.27,57,3,4.63,CN,1706669951
250,cherdyn',60.403,56.4787,-4.05,91,100,4.61,RU,1706669951
251,san ignacio,17.1561,-89.0714,20.08,88,75,0.0,BZ,1706669951
252,tazovsky,67.4667,78.7,-21.62,93,82,6.5,RU,1706669952
253,port blair,11.6667,92.75,27.02,83,75,1.54,IN,1706669952
254,new norfolk,-42.7826,147.0587,24.28,28,80,2.69,AU,1706669952
255,tanout,14.9709,8.8879,15.39,30,5,6.56,NE,1706669953
256,urengoy,65.9667,78.3667,-22.88,96,13,5.68,RU,1706669653
257,fayroz koh,34.5195,65.2509,-3.6,74,100,2.12,AF,1706669953
258,illizi,26.4833,8.4667,6.89,47,0,6.36,DZ,1706669953
259,timbiqui,2.7717,-77.6654,25.07,93,84,0.93,CO,1706669954
260,hermanus,-34.4187,19.2345,19.89,80,100,2.58,ZA,1706669954
261,tangalle,6.024,80.7911,25.09,84,41,2.21,LK,1706669954
262,alice springs,-23.7,133.8833,37.9,15,75,9.26,AU,1706669954
263,villa sandino,12.0483,-84.9936,21.16,90,71,5.61,NI,1706669955
264,happy valley-goose bay,53.3168,-60.3315,-10.83,40,20,7.2,CA,1706669955
265,kodiak,57.79,-152.4072,-11.27,48,0,2.57,US,1706669956
266,novodvinsk,64.4165,40.8122,-0.12,87,71,4.03,RU,1706669956
267,port moresby,-9.4431,147.1797,28.68,74,75,5.14,PG,1706669956
268,little river,33.8732,-78.6142,9.45,90,4,2.72,US,1706669956
269,boende,-0.2167,20.8667,24.48,76,100,1.7,CD,1706669956
270,talcahuano,-36.7167,-73.1167,19.82,64,0,3.6,CL,1706669957
271,nalut,30.3333,10.85,6.4,69,21,3.92,LY,1706669957
272,broken hill,-31.95,141.4333,28.83,20,0,7.78,AU,1706669909
273,jingdezhen,29.2947,117.2079,14.4,93,100,0.39,CN,1706669957
274,hilo,19.7297,-155.09,28.47,76,0,2.57,US,1706669959
275,holualoa,19.6228,-155.9522,24.91,84,40,4.12,US,1706669883
276,ta`u,-14.2336,-169.5144,29.15,72,86,3.48,AS,1706669959
277,walvis bay,-22.9575,14.5053,17.83,94,2,2.57,NA,1706669882
278,viedma,-40.8135,-62.9967,23.39,66,2,3.45,AR,1706669960
279,greenville,35.6127,-77.3663,5.02,88,0,3.09,US,1706669897
280,lubang,13.8584,120.124,26.47,78,98,9.61,PH,1706669960
281,devon,50.75,-3.75,5.11,95,47,1.59,GB,1706669960
282,bredasdorp,-34.5322,20.0403,18.24,97,69,1.38,ZA,1706669961
283,cabo san lucas,22.8909,-109.9124,25.17,68,75,7.2,MX,1706669272
284,tres lagoas,-20.7511,-51.6783,25.45,51,5,2.18,BR,1706669961
285,goondiwindi,-28.55,150.3167,31.92,47,73,4.08,AU,1706669961
286,guajara mirim,-10.7828,-65.3394,25.57,86,100,1.23,BR,1706669961
287,wajir,1.7471,40.0573,24.7,77,52,6.45,KE,1706669962
288,barquisimeto,10.0739,-69.3228,24.35,73,12,3.6,VE,1706669962
289,ponta delgada,37.7333,-25.6667,15.4,88,75,3.09,PT,1706669962
290,vila velha,-20.3297,-40.2925,26.97,93,40,2.24,BR,1706669962
291,rawson,-43.3002,-65.1023,24.77,39,1,2.97,AR,1706669963
292,bol,13.4586,14.7147,19.85,37,0,9.63,TD,1706669963
293,taunsa,30.7048,70.6505,12.58,54,0,2.29,PK,1706669963
294,brak,27.5496,14.2714,7.12,68,1,4.38,LY,1706669963
295,kourou,5.1552,-52.6478,26.03,89,9,3.4,GF,1706669964
296,kokopo,-4.352,152.2633,28.26,77,99,4.5,PG,1706669964
297,mugia,43.1041,-9.2179,10.09,77,100,1.65,ES,1706669964
298,delta del tigre,-34.7633,-56.3853,21.06,48,0,4.02,UY,1706669964
299,gebeit,21.0667,36.3167,11.58,77,98,1.5,SD,1706669965
300,saryozek,44.3583,77.9753,-7.24,96,100,1.08,KZ,1706669965
301,san mariano,7.5,126.0,21.73,99,100,1.28,PH,1706669965
302,parabel',58.6978,81.4825,-13.38,94,100,4.47,RU,1706669966
303,pleasanton,37.6624,-121.8747,16.67,71,0,3.09,US,1706669966
304,tartu,58.3806,26.7251,0.18,93,100,3.6,EE,1706669966
305,portland,45.5234,-122.6762,13.67,74,100,4.47,US,1706669421
306,altay,47.8667,88.1167,-12.63,71,98,2.04,CN,1706669966
307,ambodifotatra,-16.9833,49.85,26.22,77,40,9.54,MG,1706669967
308,al kharj,24.155,47.3346,18.32,38,99,4.08,SA,1706669967
309,iskateley,67.6803,53.1512,-6.1,92,71,4.92,RU,1706669968
310,shubarshi,48.5872,57.1869,-6.42,93,97,6.07,KZ,1706669968
311,ketchikan,55.3422,-131.6461,8.26,87,100,4.12,US,1706669843
312,geraldton,-28.7667,114.6,43.23,13,0,7.72,AU,1706669968
313,kirakira,-10.4544,161.9205,28.11,82,100,4.8,SB,1706669969
314,gadzhiyevo,69.2551,33.3362,0.83,74,100,15.45,RU,1706669734
315,nanzhou,29.3596,112.4024,8.14,93,100,2.15,CN,1706669969
316,barhi,23.9,80.8,16.66,45,100,2.31,IN,1706669969
317,afaahiti,-17.75,-149.2833,28.92,80,81,3.82,PF,1706669848
318,anavyssos,37.7333,23.95,7.09,67,91,15.93,GR,1706669970
319,kingston,17.997,-76.7936,25.53,85,40,7.2,JM,1706669785
320,port douglas,-16.4833,145.4667,32.44,64,100,2.93,AU,1706669971
321,coquimbo,-29.9533,-71.3436,17.85,88,40,2.06,CL,1706669597
322,linda,39.1277,-121.5508,17.93,81,0,2.57,US,1706669971
323,riosucio,5.4216,-75.7032,16.67,93,91,0.58,CO,1706669971
324,cockburn town,21.4612,-71.1419,23.88,57,3,3.89,TC,1706669850
325,port allen,30.4521,-91.2101,15.08,70,47,3.28,US,1706669972
326,laguna,38.421,-121.4238,17.79,72,0,3.09,US,1706669972
327,kerouane,9.2667,-9.0167,21.9,23,50,0.62,GN,1706669973
328,sambava,-14.2667,50.1667,24.46,88,96,2.26,MG,1706669973
329,taoudenni,22.6783,-3.9836,17.33,28,0,5.99,ML,1706669973
330,belyy yar,53.6039,91.3903,-23.06,92,20,0.0,RU,1706669973
331,hotan,37.0997,79.9269,-1.49,53,87,1.47,CN,1706669974
332,santiago de cao,-7.9589,-79.2392,24.07,83,100,4.12,PE,1706669974
333,ambon,-3.6954,128.1814,32.08,62,40,3.09,ID,1706669974
334,fale old settlement,-9.3852,-171.2468,29.66,68,27,1.2,TK,1706669974
335,prince rupert,54.3161,-130.3201,8.83,81,100,3.09,CA,1706669975
336,ad darb,17.7229,42.2526,24.06,71,14,1.99,SA,1706669975
337,ouadda,8.0777,22.4007,20.16,21,100,2.93,CF,1706669976
338,khandud,36.9513,72.318,-6.95,86,100,2.44,AF,1706669976
339,edgewater,28.9889,-80.9023,13.08,77,100,0.0,US,1706669758
340,qina,26.1642,32.7267,8.37,47,0,2.82,EG,1706669976
341,biloela,-24.4167,150.5,31.57,57,91,6.16,AU,1706669977
342,polovinnoye,54.7914,65.9864,-19.94,99,41,3.43,RU,1706669977
343,changji,44.0167,87.3167,-16.56,85,100,1.0,CN,1706669977
344,swakopmund,-22.6833,14.5333,17.77,87,6,1.64,NA,1706669978
345,aswan,24.0934,32.907,8.61,49,0,3.6,EG,1706669978
346,saharsa,25.8833,86.6,16.48,43,0,1.58,IN,1706669978
347,nogliki,51.8333,143.1667,-15.92,84,52,3.58,RU,1706669979
348,bafoulabe,13.8065,-10.8321,24.1,13,94,2.39,ML,1706669979
349,tommot,58.9564,126.2925,-26.74,90,94,2.49,RU,1706669979
350,irymple,-34.25,142.1667,26.16,29,0,0.45,AU,1706669979
351,ciudad bolivar,8.1222,-63.5497,28.52,63,82,5.24,VE,1706669909
352,santa cruz,-17.8,-63.1667,24.7,94,53,2.06,BO,1706669870
353,tuam,53.5167,-8.85,5.68,82,100,8.1,IE,1706669980
354,los teques,10.3445,-67.0433,17.56,81,51,1.08,VE,1706669980
355,zhuanghe,39.7008,122.9911,-3.38,65,68,5.22,CN,1706669981
356,pemangkat,1.1667,108.9667,27.37,80,100,2.89,ID,1706669981
357,progreso,21.2833,-89.6667,18.87,73,39,4.13,MX,1706669981
358,al mishkhab,31.8042,44.4911,9.06,55,0,3.16,IQ,1706669981
359,gizo,-8.103,156.8419,28.72,73,93,5.82,SB,1706669982
360,nicoya,10.1483,-85.452,24.53,69,12,6.39,CR,1706669982
361,fisterra,42.9049,-9.2629,10.01,77,100,2.14,ES,1706669982
362,urangan,-25.3,152.9,29.0,77,100,6.26,AU,1706669982
363,caetite,-14.0694,-42.475,20.19,87,47,0.65,BR,1706669983
364,kargat,55.1956,80.2811,-20.53,96,99,3.09,RU,1706669983
365,louny,50.357,13.7967,9.13,78,100,0.91,CZ,1706669983
366,fort st. john,56.2499,-120.8529,5.94,56,20,6.69,CA,1706669983
367,saynshand,44.8824,110.1163,-23.93,84,9,1.8,MN,1706669984
368,zheleznodorozhnyy,55.7503,38.0042,-0.71,100,99,1.31,RU,1706669984
369,pacocha,-17.5833,-71.3333,22.19,85,97,1.36,PE,1706669984
370,staraya kulatka,52.7167,47.6167,-10.2,94,13,2.82,RU,1706669984
371,nadym,65.5333,72.5167,-22.39,95,17,6.85,RU,1706669985
372,darhan,49.4867,105.9228,-27.28,94,22,1.53,MN,1706669985
373,shalqar,47.8333,59.6,-6.42,95,100,6.73,KZ,1706669985
374,dhulikhel,27.6189,85.5529,4.75,54,5,0.65,NP,1706669985
375,saint augustine beach,29.8505,-81.2654,12.81,66,0,4.12,US,1706669986
376,igarka,67.4667,86.5833,-22.51,81,93,6.79,RU,1706669986
377,songea,-10.6833,35.65,17.09,95,94,0.48,TZ,1706669986
378,san luis de la loma,17.2706,-100.8939,25.06,78,100,1.4,MX,1706669986
379,tahe,52.3333,124.7333,-21.3,79,85,3.43,CN,1706669987
380,munnerstadt,50.25,10.1833,6.03,91,100,1.35,DE,1706669987
381,roma,43.2128,-75.4557,-0.03,91,100,3.33,US,1706669987
382,luis correia,-2.8792,-41.6669,27.3,83,16,5.32,BR,1706669987
383,kenora,49.8167,-94.4337,-0.46,93,40,4.63,CA,1706669988
384,aban,56.67,96.06,-28.05,96,7,1.95,RU,1706669988
385,san martin,-33.081,-68.4681,31.3,38,27,3.0,AR,1706669988
386,mhamid,29.82,-5.72,12.58,45,100,3.66,MA,1706669988
387,thaon-les-vosges,48.25,6.4167,5.08,90,100,1.55,FR,1706669988
388,pikalevo,59.5183,34.1664,-4.04,97,100,2.14,RU,1706669989
389,alofi,-19.0595,-169.9187,27.73,84,100,6.42,NU,1706669989
390,brooks,50.5834,-111.8851,5.02,80,100,2.57,CA,1706669989
391,papao,-17.75,-149.55,29.81,81,80,3.16,PF,1706669990
392,aljezur,37.3191,-8.8033,11.99,82,94,2.67,PT,1706669990
393,lompoc,34.6391,-120.4579,13.4,85,40,0.45,US,1706669778
394,kruisfontein,-34.0033,24.7314,20.14,79,100,2.86,ZA,1706669991
395,lankaran,38.7543,48.8506,3.04,100,100,1.54,AZ,1706669991
396,general conesa,-40.1,-64.4333,25.9,52,0,5.57,AR,1706669991
397,georgetown,5.4112,100.3354,30.53,66,20,3.6,MY,1706669721
398,payson,40.0444,-111.7321,7.94,62,0,1.54,US,1706669822
399,morropon,-5.1822,-79.9689,26.57,79,100,2.41,PE,1706669992
400,sao joao da barra,-21.6403,-41.0511,24.68,95,100,0.45,BR,1706669992
401,torghay,49.6339,63.4981,-11.75,96,96,3.73,KZ,1706669992
402,suntar,62.1444,117.6319,-24.72,95,100,2.54,RU,1706669992
403,rondonopolis,-16.4708,-54.6356,24.78,75,100,0.71,BR,1706669949
404,burutu,5.3509,5.5076,25.68,88,45,1.25,NG,1706669993
405,orchard homes,46.8633,-114.0484,3.8,92,0,1.79,US,1706669993
406,klyuchi,52.2667,79.1667,-13.58,91,100,2.73,RU,1706669993
407,lagunas,-5.2269,-75.6753,25.56,83,99,1.37,PE,1706669994
408,isangel,-19.55,169.2667,27.14,72,44,1.74,VU,1706669994
409,fortaleza,-3.7227,-38.5247,29.01,83,40,3.6,BR,1706669915
410,lazaro cardenas,17.9583,-102.2,25.21,74,100,0.66,MX,1706669754
411,shar'ya,58.3686,45.5144,-9.45,96,6,2.24,RU,1706669994
412,susuman,62.7833,148.1667,-32.23,97,100,0.89,RU,1706669995
413,chongwe,-15.3292,28.682,17.81,91,79,1.69,ZM,1706669995
414,rengasdengklok,-6.1592,107.2981,27.07,80,99,3.84,ID,1706669995
415,al musayyib,32.7833,44.2825,9.31,66,0,3.34,IQ,1706669995
416,shingu,33.7333,135.9833,11.89,86,100,1.93,JP,1706669996
417,zeerust,-25.5369,26.0751,19.25,71,52,3.18,ZA,1706669996
418,labrador city,52.9463,-66.9114,-11.01,59,100,6.71,CA,1706669996
419,pechora,65.1472,57.2244,-4.52,97,99,1.79,RU,1706669996
420,vredendal,-31.6683,18.5012,19.26,75,82,0.62,ZA,1706669997
421,ngama,11.7833,17.1667,19.0,20,0,5.15,TD,1706669997
422,podgornoye,51.735,39.1496,-2.88,100,100,2.0,RU,1706669997
423,keningau,5.3378,116.1602,29.83,62,89,0.88,MY,1706669997
424,at-bashi,41.1702,75.8106,-11.2,93,100,0.38,KG,1706669998
425,kerikeri,-35.2268,173.9474,23.51,64,54,2.76,NZ,1706669998
426,duyun,26.2667,107.5167,12.88,93,100,3.13,CN,1706669998
427,harper,4.375,-7.7169,26.77,84,86,3.3,LR,1706669999
428,siloam springs,36.1881,-94.5405,9.56,64,0,0.0,US,1706669999
429,inhambane,-23.865,35.3833,23.25,88,3,4.3,MZ,1706669880
430,bogande,12.9714,-0.1436,21.15,19,38,4.06,BF,1706669999
431,pizarro,4.9533,-77.366,26.68,84,89,1.81,CO,1706669999
432,baardheere,2.3446,42.2764,25.0,75,89,4.73,SO,1706670000
433,alice,27.7523,-98.0697,13.69,67,0,3.09,US,1706670000
434,moab,38.5733,-109.5498,6.38,59,0,0.71,US,1706670001
435,senador jose porfirio,-2.5908,-51.9542,24.42,83,100,1.18,BR,1706670002
436,quellon,-43.1167,-73.6167,14.31,93,99,2.29,CL,1706670003
437,sumberpucung,-8.1586,112.4829,29.43,67,10,1.66,ID,1706670005
438,richards bay,-28.783,32.0377,21.36,86,1,1.14,ZA,1706670005
439,linhares,-19.3911,-40.0722,24.12,97,100,2.22,BR,1706670006
440,egilsstadir,65.2653,-14.3948,-2.05,69,0,2.57,IS,1706670007
441,coxen hole,16.3244,-86.5366,22.6,78,75,2.57,HN,1706670008
442,monrovia,6.3005,-10.7969,24.87,83,77,2.99,LR,1706670008
443,tuzlukcu,38.4778,31.6264,-3.01,80,100,2.23,TR,1706670010
444,acarau,-2.8856,-40.12,26.44,84,4,3.96,BR,1706670011
445,san jose de jachal,-30.2406,-68.7469,28.25,35,49,2.91,AR,1706670012
446,birjand,32.8663,59.2211,5.26,56,75,3.09,IR,1706670012
447,magangue,9.242,-74.7547,26.89,65,42,2.18,CO,1706670013
448,juneau,58.3019,-134.4197,1.0,95,100,0.0,US,1706670014
449,bumba,2.1833,22.4667,24.85,46,100,1.06,CD,1706670015
450,funafuti,-8.5243,179.1942,30.0,79,75,6.17,TV,1706670015
451,toyooka,35.5333,134.8333,5.03,93,75,0.51,JP,1706670016
452,cambria,35.5641,-121.0808,14.43,95,48,1.67,US,1706670017
453,bellaire,29.7058,-95.4588,16.72,64,75,0.89,US,1706670018
454,hunchun,42.8675,130.3581,-0.66,51,75,6.87,CN,1706670019
455,vecpiebalga,57.0599,25.8127,0.09,92,100,3.37,LV,1706670019
456,ulladulla,-35.35,150.4667,22.65,89,100,3.88,AU,1706670020
457,midoun,33.8081,10.9923,8.92,65,2,2.6,TN,1706670021
458,nema,57.5067,50.5011,-6.75,94,39,3.56,RU,1706670022
459,san ignacio rio muerto,27.4167,-110.2333,20.73,55,5,1.54,MX,1706670022
460,raja,8.4596,25.678,20.16,19,100,2.98,SS,1706670023
461,al jawf,29.5,38.75,5.95,57,0,3.67,SA,1706670024
462,taltal,-25.4,-70.4833,20.78,84,17,0.82,CL,1706669758
463,al kharijah,25.4514,30.5464,7.27,50,0,2.15,EG,1706670024
464,amarante,-6.2411,-42.8547,24.43,76,2,0.85,BR,1706670025
465,shihezi,44.3,86.0333,-17.38,96,100,0.88,CN,1706670026
466,korpilahti,62.0167,25.55,0.3,99,100,3.06,FI,1706670026
467,sinop,41.7711,34.8709,0.29,88,97,0.68,TR,1706670026
468,la almunia de dona godina,41.4767,-1.3745,10.35,73,6,0.18,ES,1706670027
469,el nido,11.1858,119.3956,27.69,70,63,5.64,PH,1706670027
470,bubaque,11.2833,-15.8333,25.24,68,100,4.11,GW,1706670028
471,sabzevar,36.2126,57.6819,1.36,56,5,2.43,IR,1706670028
472,lupane,-18.9315,27.807,17.51,71,1,2.62,ZW,1706670029
473,noumea,-22.2763,166.4572,30.99,65,50,5.79,NC,1706669709
474,toormina,-30.3526,153.0903,26.94,74,100,3.6,AU,1706670031
475,chibougamau,49.9168,-74.3659,-9.21,92,75,2.57,CA,1706670031
476,camocim,-2.9022,-40.8411,28.02,81,20,6.74,BR,1706670032
477,uturoa,-16.7333,-151.4333,29.07,73,96,4.96,PF,1706670032
478,magadan,59.5667,150.8,-21.44,79,9,2.75,RU,1706670033
479,alachua,29.7086,-82.3332,10.51,72,81,2.21,US,1706670033
480,port saint john's,-31.6229,29.5448,22.09,94,59,3.87,ZA,1706670034
481,sisimiut,66.9395,-53.6735,-20.38,74,100,8.34,GL,1706670034
482,ust'-kut,56.7938,105.7672,-28.54,96,42,0.52,RU,1706670035
483,zhelezinka,53.54,75.3072,-16.14,94,99,2.93,KZ,1706670035
484,daru,-9.0763,143.2092,29.28,75,99,2.9,PG,1706670036
485,westport,41.1415,-73.3579,2.01,73,100,5.66,US,1706669993
486,wanganui,-39.9333,175.05,22.0,83,49,6.26,NZ,1706670036
487,mandera,3.9366,41.867,25.71,65,57,2.86,KE,1706670037
488,yanam,16.7333,82.2167,23.62,68,6,1.13,IN,1706670037
489,saint-philippe,-21.3585,55.7679,25.77,85,64,4.42,RE,1706669842
490,margate,51.3813,1.3862,7.05,91,69,1.34,GB,1706670038
491,stanthorpe,-28.6667,151.95,24.12,74,15,4.12,AU,1706670038
492,umba,66.6871,34.3429,-0.76,80,23,6.59,RU,1706670039
493,kavaratti,10.5669,72.642,27.55,67,19,2.65,IN,1706670039
494,bei'an,24.5399,109.533,13.95,98,100,0.6,CN,1706670040
495,kharkhorin,47.1975,102.8238,-20.5,89,6,0.53,MN,1706670040
496,machico,32.7,-16.7667,18.89,76,20,1.54,PT,1706670040
497,caala,-12.8525,15.5606,15.74,95,98,0.8,AO,1706670041
498,miranda de ebro,42.6865,-2.947,7.21,92,91,1.19,ES,1706670041
499,guatire,10.4762,-66.5427,22.43,86,55,0.69,VE,1706670042
500,chegdomyn,51.1167,133.0167,-24.03,88,100,1.0,RU,1706670042
501,sihanoukville,10.6093,103.5296,27.97,74,20,4.63,KH,1706670042
502,ebon,4.582,168.6964,27.22,79,100,6.41,MH,1706670042
503,sabang,5.8933,95.3214,28.12,76,44,8.67,ID,1706669848
504,qaisumah,28.3112,46.1273,9.98,71,0,0.0,SA,1706670043
505,kenai,60.5544,-151.2583,-16.59,82,20,0.0,US,1706670043
506,mudgee,-32.5943,149.5871,35.73,24,14,2.51,AU,1706670044
507,gavrilov-yam,57.3018,39.8533,-10.09,99,82,1.62,RU,1706670044
508,ribeira brava,32.65,-17.0667,18.89,70,65,2.01,PT,1706670044
509,goundi,9.3627,17.366,22.31,20,5,2.2,TD,1706670044
510,lata,40.1629,-8.3327,8.37,77,98,1.61,PT,1706670044
511,nantucket,41.2835,-70.0995,-2.22,59,100,3.19,US,1706670045
512,zyryanskoye,56.8306,86.6258,-24.64,100,100,1.81,RU,1706670045
513,thamaga,-24.6701,25.5397,19.57,65,7,4.03,BW,1706670045
514,harstad,68.799,16.5293,2.66,88,100,12.96,NO,1706670045
515,yelizovo,53.1873,158.3805,-10.92,51,40,4.02,RU,1706670046
516,puerto aysen,-45.4,-72.7,13.79,99,100,2.16,CL,1706670047
517,tual,-5.6667,132.75,28.68,77,100,7.28,ID,1706670047
518,jayrud,33.8074,36.7404,3.79,90,81,1.82,SY,1706670047
519,cooma,-36.2333,149.1333,26.77,46,30,3.56,AU,1706670047
520,pontevedra,42.431,-8.6444,13.97,80,100,1.89,ES,1706670048
521,nova sintra,14.8667,-24.7167,20.93,61,0,5.0,CV,1706670048
522,karimganj,24.8667,92.35,19.07,48,2,1.46,IN,1706670048
523,madisonville,37.3281,-87.4989,4.92,86,100,1.79,US,1706670049
524,yanykurgan,43.915,67.2481,-5.9,92,100,3.76,KZ,1706670049
525,muhos,64.808,25.9931,-0.12,90,81,5.04,FI,1706670049
526,pangai,-19.8,-174.35,26.06,94,100,3.09,TO,1706670050
527,puerto armuelles,8.2833,-82.8667,27.99,80,35,1.34,PA,1706670050
528,wellington,-41.2866,174.7756,22.53,68,9,5.66,NZ,1706669914
529,saint-pierre,-21.3393,55.4781,25.82,78,74,2.06,RE,1706670051
530,greenfield,42.9614,-88.0126,2.99,87,100,3.09,US,1706670051
531,selkirk,50.1436,-96.8845,2.04,94,2,4.47,CA,1706669853
532,bac lieu,9.285,105.7244,28.23,66,46,7.54,VN,1706670051
533,kiunga,-6.1219,141.2906,30.85,63,97,1.69,PG,1706670052
534,soio,-6.1349,12.3689,25.91,86,100,4.19,AO,1706670052
535,tucano,-10.9631,-38.7867,23.26,69,0,1.68,BR,1706670052
536,horad zhodzina,54.0983,28.3325,-2.85,89,100,3.21,BY,1706670128
537,padang,-0.9492,100.3543,32.03,63,97,0.39,ID,1706670029
538,clinton,42.587,-82.9199,2.01,94,100,1.54,US,1706670129
539,bonny,4.4522,7.1681,26.55,86,89,2.7,NG,1706670129
540,ofunato,39.0717,141.7167,8.44,56,100,3.62,JP,1706670072
541,clovis,36.8252,-119.7029,19.36,67,0,0.0,US,1706670007
542,sur,22.5667,59.5289,23.05,74,100,2.05,OM,1706670131
543,tazacorte,28.629,-17.9293,18.42,29,0,4.02,ES,1706670131
544,nova vicosa,-17.8919,-39.3719,25.17,90,100,3.83,BR,1706670131
545,mendoza,-32.8908,-68.8272,30.74,30,40,5.14,AR,1706670039
546,salinopolis,-0.6136,-47.3561,26.52,84,100,4.15,BR,1706670132
547,broome,42.2506,-75.833,-0.06,89,100,3.6,US,1706670132
548,sidrolandia,-20.9319,-54.9614,22.94,68,21,2.27,BR,1706670132
549,kolosovka,56.4678,73.611,-18.56,98,89,2.96,RU,1706670133
550,parnamirim,-5.9156,-35.2628,26.94,83,20,2.06,BR,1706670133
551,arkalyk,50.2486,66.9114,-16.13,97,98,3.68,KZ,1706670133
